DROP TABLE asig_estudiantes;

CREATE TABLE `asig_estudiantes` (
  `id_asig_est` int(11) NOT NULL AUTO_INCREMENT,
  `id_profesor` int(11) NOT NULL,
  `id_estudiante` int(11) NOT NULL,
  `id_materia` int(11) NOT NULL,
  `seccion` int(11) NOT NULL,
  PRIMARY KEY (`id_asig_est`)
) ENGINE=InnoDB AUTO_INCREMENT=21 DEFAULT CHARSET=latin1;

INSERT INTO asig_estudiantes VALUES("1","4","17","1","1");
INSERT INTO asig_estudiantes VALUES("2","4","18","1","1");
INSERT INTO asig_estudiantes VALUES("3","4","23","1","1");
INSERT INTO asig_estudiantes VALUES("4","4","21","1","1");
INSERT INTO asig_estudiantes VALUES("5","4","20","1","1");
INSERT INTO asig_estudiantes VALUES("6","4","19","1","1");
INSERT INTO asig_estudiantes VALUES("7","4","16","1","1");
INSERT INTO asig_estudiantes VALUES("8","4","11","1","0");
INSERT INTO asig_estudiantes VALUES("9","4","25","1","1");
INSERT INTO asig_estudiantes VALUES("10","4","13","1","1");
INSERT INTO asig_estudiantes VALUES("11","1","22","2","1");
INSERT INTO asig_estudiantes VALUES("12","1","14","2","1");
INSERT INTO asig_estudiantes VALUES("13","1","12","2","1");
INSERT INTO asig_estudiantes VALUES("14","1","15","2","1");
INSERT INTO asig_estudiantes VALUES("15","1","28","2","1");
INSERT INTO asig_estudiantes VALUES("16","1","24","2","1");
INSERT INTO asig_estudiantes VALUES("17","1","8","2","1");
INSERT INTO asig_estudiantes VALUES("18","1","9","2","1");
INSERT INTO asig_estudiantes VALUES("19","1","10","2","1");
INSERT INTO asig_estudiantes VALUES("20","4","0","1","1");



DROP TABLE asistencia;

CREATE TABLE `asistencia` (
  `id_asistencia` int(11) NOT NULL AUTO_INCREMENT,
  `id_profesor` int(11) NOT NULL,
  `id_responsable` int(11) NOT NULL,
  `hora1` time NOT NULL,
  `hora2` time NOT NULL,
  `fecha` date NOT NULL,
  PRIMARY KEY (`id_asistencia`)
) ENGINE=InnoDB AUTO_INCREMENT=4 DEFAULT CHARSET=latin1;

INSERT INTO asistencia VALUES("1","4","0","07:00:00","09:20:00","2019-05-18");
INSERT INTO asistencia VALUES("2","0","1","09:20:00","11:20:00","2019-05-18");
INSERT INTO asistencia VALUES("3","4","0","11:00:00","13:00:00","2019-05-19");



DROP TABLE asistencia_est;

CREATE TABLE `asistencia_est` (
  `id_asistencia_est` int(11) NOT NULL AUTO_INCREMENT,
  `id_estudiante` int(11) NOT NULL,
  `id_profesor` int(11) NOT NULL,
  `id_materia` int(11) NOT NULL,
  `seccion` int(11) NOT NULL,
  `fecha_registro` date NOT NULL,
  PRIMARY KEY (`id_asistencia_est`)
) ENGINE=InnoDB AUTO_INCREMENT=7 DEFAULT CHARSET=latin1;

INSERT INTO asistencia_est VALUES("1","28","1","2","1","2019-05-18");
INSERT INTO asistencia_est VALUES("2","24","1","2","1","2019-05-18");
INSERT INTO asistencia_est VALUES("3","22","1","2","1","2019-05-18");
INSERT INTO asistencia_est VALUES("4","14","1","2","1","2019-05-18");
INSERT INTO asistencia_est VALUES("5","12","1","2","1","2019-05-18");
INSERT INTO asistencia_est VALUES("6","10","1","2","1","2019-05-18");



DROP TABLE categorias;

CREATE TABLE `categorias` (
  `id_categoria` int(11) NOT NULL AUTO_INCREMENT,
  `categoria` varchar(100) NOT NULL,
  PRIMARY KEY (`id_categoria`),
  UNIQUE KEY `categoria` (`categoria`)
) ENGINE=InnoDB AUTO_INCREMENT=4 DEFAULT CHARSET=latin1;

INSERT INTO categorias VALUES("2","COMPUTACION");
INSERT INTO categorias VALUES("3","PAPELERIA");



DROP TABLE direccion;

CREATE TABLE `direccion` (
  `id_direccion` int(11) NOT NULL AUTO_INCREMENT,
  `id_profesor` int(11) NOT NULL,
  `id_estudiante` int(11) NOT NULL,
  `id_responsable` int(11) NOT NULL,
  `direccion` text NOT NULL,
  PRIMARY KEY (`id_direccion`)
) ENGINE=InnoDB AUTO_INCREMENT=36 DEFAULT CHARSET=latin1;

INSERT INTO direccion VALUES("1","0","1","0","URBANIZACIÓN CALLE MERIDA DETRAS DE LA FUNDACION DEL NIÑO IZQUIERDA AVENIDA EZEQUIEL ZAMORA");
INSERT INTO direccion VALUES("2","0","2","0","BARRIO LA ESMERALDA DERECHA CALLE 3. IZQUIERDA CALLE 2.");
INSERT INTO direccion VALUES("3","0","3","0","BARRIO LA FLORIDA SECTOR 3 DERECHA CALLE PLAZA. IZQUIERDA CALLE LIBERTADOR");
INSERT INTO direccion VALUES("4","0","4","0","SECTOR LOS MANGUITOS DERECHA CARRETERA VIEJA CARACAS BARUTA. IZQUIERDA CARRETERA VIEJA CARACAS BARUTA");
INSERT INTO direccion VALUES("5","0","5","0","SECTOR POLVORIM FRENTE AVENIDA ROMULO BETANCOURT. IZQUIERDA CALLE PRINCIPAL URBANIZACION MARCOS PEREZ");
INSERT INTO direccion VALUES("6","0","6","0","URBANIZACIÓN: VISTA AL SOL. FRENTE AVENIDA PRINCIPAL RUTA 1 VISTA AL SOL.");
INSERT INTO direccion VALUES("7","0","7","0","URBANIZACIÓN RORAIMA DERECHA CALLE AVILA. IZQUIERDA CALLE CHURUMERU.");
INSERT INTO direccion VALUES("8","0","8","0","BARRIO EL PARAISO DERECHA CALLE PRINCIPAL. IZQUIERDA CALLE 3");
INSERT INTO direccion VALUES("9","0","9","0","SECTOR CASCO CENTRAL DEL PUEBLO SAN JUAN DERECHA CALLE NUEVA. IZQUIERDA CALLE BAJANDO EL CEMENTERIO");
INSERT INTO direccion VALUES("10","0","10","0","SECTOR TINAPUEY II IZQUIERDA CALLE FINAL DE LA CALLE TINAPUEY II. FRENTE CALLE PRINCIPAL DE TINAPUEY II.");
INSERT INTO direccion VALUES("11","0","11","0","SECTOR PAVIA ABAJO DERECHA CALLE LA SELVA. FRENTE CALLE LA SELVA.");
INSERT INTO direccion VALUES("12","0","12","0","SECTOR ARIA BLANCO DERECHA AVENIDA CARACAS. IZQUIERDA CALLE SENDERO SUR.");
INSERT INTO direccion VALUES("13","0","13","0","SECTOR: EL SOCORRO. FRENTE CALLE EL SOCORRO EL MANGO. IZQUIERDA CALLE EL MANGO. DERECHA CARRETERA NACIONAL CAUCAGUA ARAGUITA VIA EL TUY");
INSERT INTO direccion VALUES("14","0","14","0","SECTOR LAS PALMAS IZQUIERDA AVENIDA 16. FRENTE AVENIDA 17 AL FONDO DE BALANCIN CASA");
INSERT INTO direccion VALUES("15","0","15","0","BARRIO BARRIO OBRERO AVENIDA 97 NUMERO 60B_53 FRENTE AVENIDA 97");
INSERT INTO direccion VALUES("16","0","16","0","BARRIO LA ANTENA DERECHA CALLE 1. IZQUIERDA CALLE 2.");
INSERT INTO direccion VALUES("17","0","17","0","BARRIO EL NACIONAL, PARTE BAJA. IZQUIERDA CALLE PRINCIPAL Y PARQUE DEL NACIONAL.");
INSERT INTO direccion VALUES("18","0","18","0","SECTOR CENTRO DERECHA CALLE PAGALLOS. IZQUIERDA CALLE VIGIRIMA");
INSERT INTO direccion VALUES("19","0","19","0","SECTOR 4 DERECHA CALLE CASAS. IZQUIERDA CALLE CASAS.");
INSERT INTO direccion VALUES("20","0","20","0","SECTOR EL CHAPARRAL IZQUIERDA CALLE BRASIL. FRENTE CALLE COLOMBIA.");
INSERT INTO direccion VALUES("21","0","21","0","BARRIO GUAMACHITO DERECHA CALLE LIBERTAD. IZQUIERDA CALLE 5 ENTRADAS");
INSERT INTO direccion VALUES("22","0","22","0","BARRIO LAS MINITAS FRENTE CALLE MARA. DERECHA CALLEJÓN 3.");
INSERT INTO direccion VALUES("23","0","23","0","URBANIZACIÓN RADIO CARACAS FRENTE AVENIDA INTERCOMUNAL DEL VALLE.");
INSERT INTO direccion VALUES("24","0","24","0","BARRIO CECILIA CUELLO AVENIDA 105A NUMERO 57A_10 FRENTE AVENIDA 105A.");
INSERT INTO direccion VALUES("25","0","25","0","URBANIZACIÓN MIRANDA LA PLATA II DERECHA AVENIDA SANTA BARBARA");
INSERT INTO direccion VALUES("26","0","26","0","URBANIZACIÓN ALTOS DEL SOL AMADO FRENTE AVENIDA BOLIVAR. IZQUIERDA CARRETERA VIA AL AEREOPUERTO.");
INSERT INTO direccion VALUES("27","0","27","0","BARRIO LOS REYES MAGOS DERECHA AVENIDA 5. FRENTE AVENIDA MILAGRO NORTE");
INSERT INTO direccion VALUES("28","0","28","0","SECTOR MANZANA DE ORO AVENIDA LA LIMPIA DERECHA AVENIDA LA LIMPIA. IZQUIERDA AVENIDA LA LIMPIA.");
INSERT INTO direccion VALUES("29","0","29","0","SECTOR LA BOMBITA FRENTE CALLE PRINCIPAL. DERECHA PROLONGACIÓN CASERIO.");
INSERT INTO direccion VALUES("30","0","30","0","SECTOR SIMON BOLIVAR DERECHA AVENIDA 62. IZQUIERDA AVENIDA 63.");
INSERT INTO direccion VALUES("31","1","0","0","BARRIO EL JOBO, CALLEJON EL KINDER");
INSERT INTO direccion VALUES("32","2","0","0","AVENIDA BOLIBAR");
INSERT INTO direccion VALUES("33","3","0","0","URB. DOñA EVA");
INSERT INTO direccion VALUES("34","4","0","0","VISTA HERMOSA");
INSERT INTO direccion VALUES("35","0","0","1","AVENIDA LOS LLANOS");



DROP TABLE email;

CREATE TABLE `email` (
  `id_email` int(11) NOT NULL AUTO_INCREMENT,
  `id_profesor` int(11) NOT NULL,
  `id_estudiante` int(11) NOT NULL,
  `id_responsable` int(11) NOT NULL,
  `email` varchar(100) NOT NULL,
  PRIMARY KEY (`id_email`),
  UNIQUE KEY `email` (`email`)
) ENGINE=InnoDB AUTO_INCREMENT=36 DEFAULT CHARSET=latin1;

INSERT INTO email VALUES("1","0","1","0","DELGADOAPONTE@GMAIL.COM");
INSERT INTO email VALUES("2","0","2","0","REINDERLEAL@GMAIL.COM");
INSERT INTO email VALUES("3","0","3","0","JOJANA@HOTMAIL.COM");
INSERT INTO email VALUES("4","0","4","0","JOSECARDOZO@GMAIL.COM");
INSERT INTO email VALUES("5","0","5","0","RIVEROTOVAR@GMAIL.COM");
INSERT INTO email VALUES("6","0","6","0","LUISELIZ@HOTMAIL.COM");
INSERT INTO email VALUES("7","0","7","0","HABIB@YOHAOO.COM");
INSERT INTO email VALUES("8","0","8","0","JAIRODEJESUS@HOTMAIL.COM");
INSERT INTO email VALUES("9","0","9","0","ANAMILENA@HOTMAIL.COM");
INSERT INTO email VALUES("10","0","10","0","CARLOSVILLAREAL@GMAIL.COM");
INSERT INTO email VALUES("11","0","11","0","EDITH@HOTMAIL.COM");
INSERT INTO email VALUES("12","0","12","0","EDGARJOSE@HOTMAIL.COM");
INSERT INTO email VALUES("13","0","13","0","CUICAS@HOTMAIL.COM");
INSERT INTO email VALUES("14","0","14","0","FINOLMALDONADO@GMAIL.COM");
INSERT INTO email VALUES("15","0","15","0","OROZCO@GMAIL.COM");
INSERT INTO email VALUES("16","0","16","0","ALVAREZPEREZ@HOTMAIL.COM");
INSERT INTO email VALUES("17","0","17","0","FERNANDEZ@HOTMAIL.COM");
INSERT INTO email VALUES("18","0","18","0","LAREZLUIS@HOTMAIL.COM");
INSERT INTO email VALUES("19","0","19","0","XIORISMAR@GMAIL.COM");
INSERT INTO email VALUES("20","0","20","0","SOLANGE@GMAIL.COM");
INSERT INTO email VALUES("21","0","21","0","DIONICIO@HOTMAIL.COM");
INSERT INTO email VALUES("22","0","22","0","NACIRA@GMAIL.COM");
INSERT INTO email VALUES("23","0","23","0","EDDANAY@GMAIL.COM");
INSERT INTO email VALUES("24","0","24","0","LUISDAVID@HOTMAIL.COM");
INSERT INTO email VALUES("25","0","25","0","FIORABANTE@GMAIL.COM");
INSERT INTO email VALUES("26","0","26","0","ANGELICATOVAR@GMAIL.COM");
INSERT INTO email VALUES("27","0","27","0","FALCOCASTILLO@GMAIL.COM");
INSERT INTO email VALUES("28","0","28","0","JAVIER@GMAIL.COM");
INSERT INTO email VALUES("29","0","29","0","LUISALBERTOHOYOS@HOTMAIL.COM");
INSERT INTO email VALUES("30","0","30","0","PALMAGUETTE@HOTMAIL.COM");
INSERT INTO email VALUES("31","1","0","0","YORMANPINTO2011@GMAIL.COM");
INSERT INTO email VALUES("32","2","0","0","JAIROMOLINA@GMAIL.COM");
INSERT INTO email VALUES("33","3","0","0","GREGORISANCHEZ@GMAIL.COM");
INSERT INTO email VALUES("34","4","0","0","ARGENIS@GMAIL.COM");
INSERT INTO email VALUES("35","0","0","1","LOPEZJOSE@GMAIL.COM");



DROP TABLE estudiantes;

CREATE TABLE `estudiantes` (
  `id_estudiante` int(11) NOT NULL AUTO_INCREMENT,
  `cedula_est` varchar(8) NOT NULL,
  `nombre_est` varchar(100) NOT NULL,
  `apellido_est` varchar(100) NOT NULL,
  `sede` varchar(100) NOT NULL,
  `estatus` varchar(10) NOT NULL,
  PRIMARY KEY (`id_estudiante`),
  UNIQUE KEY `cedula_est` (`cedula_est`)
) ENGINE=InnoDB AUTO_INCREMENT=31 DEFAULT CHARSET=latin1;

INSERT INTO estudiantes VALUES("1","18906543","LEONARDO ANTONIO","DELGADO APONTE","SAN JUAN DE LOS MORROS","activo");
INSERT INTO estudiantes VALUES("2","19865432","REINDER OSCAR","LEAL MENDOZA","SAN JUAN DE LOS MORROS","activo");
INSERT INTO estudiantes VALUES("3","19862863","JOJANA CAROLINA","ARTEAGA RIVAS","SAN JUAN DE LOS MORROS","activo");
INSERT INTO estudiantes VALUES("4","20654321","JOSE MANUEL","CARDOZO TORRES","SAN JUAN DE LOS MORROS","activo");
INSERT INTO estudiantes VALUES("5","20465721","YETSENIA YOHELY","RIVERO TOVAR","SAN JUAN DE LOS MORROS","activo");
INSERT INTO estudiantes VALUES("6","21123456","LUISELIZ GABRIANIS","VASQUEZ MORENO","SAN JUAN DE LOS MORROS","activo");
INSERT INTO estudiantes VALUES("7","21234234","MARELYS TERESA","HABIB LOLLINO","SAN JUAN DE LOS MORROS","activo");
INSERT INTO estudiantes VALUES("8","22678666","JAIRO DE JESUS","GUERRERO QUINTERO","SAN JUAN DE LOS MORROS","activo");
INSERT INTO estudiantes VALUES("9","22656789","ANA MILENA","CARREÑO","SAN JUAN DE LOS MORROS","activo");
INSERT INTO estudiantes VALUES("10","22544544","CARLOS GILBERTO","VILLARREAL MATERAN","SAN JUAN DE LOS MORROS","activo");
INSERT INTO estudiantes VALUES("11","24567654","EDITH YOHAN","MOGOLLON CASTILLO","ORTIZ","activo");
INSERT INTO estudiantes VALUES("12","23564787","EDGAR JOSE","ARRAEZ OROPEZA","ORTIZ","activo");
INSERT INTO estudiantes VALUES("13","24543212","RICHARD EMMANUEL","CUICAS ALVARADO","ORTIZ","activo");
INSERT INTO estudiantes VALUES("14","24432456","JOENGRYS YENILETH","FINOL MALDONADO","ORTIZ","activo");
INSERT INTO estudiantes VALUES("15","23456872","CARLOS ADOLFO","OROZCO OROZCO","ORTIZ","activo");
INSERT INTO estudiantes VALUES("16","24567659","GENESIS CAROLINA","ALVAREZ PEREZ","ORTIZ","activo");
INSERT INTO estudiantes VALUES("17","27098659","FRANYELYN JOSEFINA","FERNANDEZ FUENTES","ORTIZ","activo");
INSERT INTO estudiantes VALUES("18","26543789","LUIS MARIO","LAREZ CAMPOS","ORTIZ","activo");
INSERT INTO estudiantes VALUES("19","25543789","XIORISMAR DANIELA","MARCANO CABRERA","ORTIZ","activo");
INSERT INTO estudiantes VALUES("20","25567789","SOLANGE MARIA","MATA PADRON","ORTIZ","activo");
INSERT INTO estudiantes VALUES("21","25675432","DIONICIO JOSE","TORRES MORENO","MELLADO","activo");
INSERT INTO estudiantes VALUES("22","24456533","NACIRA DEL SOCORRO","VALLE PUENTE","MELLADO","activo");
INSERT INTO estudiantes VALUES("23","25676432","EDDANAY ","HERNANDEZ VERDUD","MELLADO","activo");
INSERT INTO estudiantes VALUES("24","23454321","LUIS DAVID","TERAN ECHETO","MELLADO","activo");
INSERT INTO estudiantes VALUES("25","24566321","FIORABANTE DI","GIOVANNANTONIO ELETERE","MELLADO","activo");
INSERT INTO estudiantes VALUES("26","19765439","ANGELICA MARIA","SULBARAN TOVAR","MELLADO","activo");
INSERT INTO estudiantes VALUES("27","19766543","JOSE LUIS","FALCO CASTILLO","MELLADO","activo");
INSERT INTO estudiantes VALUES("28","23456765","JAVIER ALEXANDER","FINOL ARIAS","MELLADO","activo");
INSERT INTO estudiantes VALUES("29","22456789","LUIS ALBERTO","HOYOS PEREZ","MELLADO","activo");
INSERT INTO estudiantes VALUES("30","22456779","MONICA EDITH","PALMA GUETTE","MELLADO","activo");



DROP TABLE materia;

CREATE TABLE `materia` (
  `id_materia` int(11) NOT NULL AUTO_INCREMENT,
  `codigo` varchar(20) NOT NULL,
  `materia` varchar(200) NOT NULL,
  PRIMARY KEY (`id_materia`),
  UNIQUE KEY `codigo` (`codigo`)
) ENGINE=InnoDB AUTO_INCREMENT=3 DEFAULT CHARSET=latin1;

INSERT INTO materia VALUES("1","PROGRA-I","PROGRAMACION I");
INSERT INTO materia VALUES("2","LENGPROI","LENGUAJE DE PROGRAMACION I");



DROP TABLE productos;

CREATE TABLE `productos` (
  `id_producto` int(11) NOT NULL AUTO_INCREMENT,
  `id_categoria` int(11) NOT NULL,
  `codigo_producto` varchar(100) NOT NULL,
  `marca` varchar(50) NOT NULL,
  `nombre_equipo` varchar(100) NOT NULL,
  `estado` varchar(30) NOT NULL,
  `detalle` text NOT NULL,
  `cantidad` int(11) NOT NULL,
  `ubicacion` varchar(250) NOT NULL,
  `sede` varchar(50) NOT NULL,
  `fecha_registro` date NOT NULL,
  PRIMARY KEY (`id_producto`),
  UNIQUE KEY `codigo` (`codigo_producto`)
) ENGINE=InnoDB AUTO_INCREMENT=11 DEFAULT CHARSET=latin1;

INSERT INTO productos VALUES("1","2","DISCOSATA320GB","SATA","DISCO DURO SATA DE LAPTOP DE 320GB","BUENO","DISCO DURO DE LAPTOP CANAIMA DE 320GB","10","LABORATORIO 1","SAN JUAN DE LOS MORROS","2019-05-18");
INSERT INTO productos VALUES("2","3","HOJAOFICIO234","MAPE","RESMA DE PAPEL OFICIO","BUENO","CAJA DE RESMA DE PAPEL OFICIO, CADA CADA TRAE 10 RESMA DE PAPEL, EN TOTAL SERIA 120 RESMA","120","OFICINA","SAN JUAN DE LOS MORROS","2019-05-18");
INSERT INTO productos VALUES("3","2","TECH-FZK","SONEVIEW","TECLADO USB","BUENO","TECLADO USB SONEVIEW","10","LABORATORIO 1","SAN JUAN DE LOS MORROS","2019-05-18");
INSERT INTO productos VALUES("4","2","FUENTEPW","NUSE","FUENTE DE PODER 430W","EN REPARACION","FUENTE DE PODER 430W PARA OC DE ESCRITORIO, ","8","LABORATORIO 1","SAN JUAN DE LOS MORROS","2019-05-18");
INSERT INTO productos VALUES("5","2","MONITORLG","LG","MONITOR 19 PULGADAS LG","BUENO","MONITOR LG DE 19 PULGADAS","18","LABORATORIO 1","SAN JUAN DE LOS MORROS","2019-05-18");
INSERT INTO productos VALUES("6","2","IMPRESO345","HP","IMPRESORAS LASER NEGRO","BUENO","IMPRESORAS LASER NEGRO","3","OFICINA","SAN JUAN DE LOS MORROS","2019-05-18");
INSERT INTO productos VALUES("7","2","CPU","SONEVIEW","CPU","BUENO","CPU SONEVIEW","18","LABORATORIO 1","SAN JUAN DE LOS MORROS","2019-05-18");
INSERT INTO productos VALUES("8","2","CPUHP","HP","CPU HP","BUENO","CPU HP","3","OFICINA","SAN JUAN DE LOS MORROS","2019-05-18");
INSERT INTO productos VALUES("9","2","TECLADO SONEVIEW","SONEVIEW","TECLADO USB","EN REPARACION","TECLADO EN REPARACION SONEVIEW","8","LABORATORIO 1","SAN JUAN DE LOS MORROS","2019-05-18");
INSERT INTO productos VALUES("10","2","MOUSE","HP","MOUSE USB","BUENO","MOUSE USB HP","18","LABORATORIO 1","SAN JUAN DE LOS MORROS","2019-05-18");



DROP TABLE prof_materias;

CREATE TABLE `prof_materias` (
  `id_prof_materia` int(11) NOT NULL AUTO_INCREMENT,
  `id_profesor` int(11) NOT NULL,
  `id_responsable` int(11) NOT NULL,
  `id_materia` int(11) NOT NULL,
  `seccion` int(11) NOT NULL,
  `aula_lab` int(11) NOT NULL,
  `dia` varchar(20) NOT NULL,
  `hora1` varchar(10) NOT NULL,
  `hora2` varchar(10) NOT NULL,
  PRIMARY KEY (`id_prof_materia`)
) ENGINE=InnoDB AUTO_INCREMENT=4 DEFAULT CHARSET=latin1;

INSERT INTO prof_materias VALUES("1","4","0","1","1","1","LUNES","07:00","09:20");
INSERT INTO prof_materias VALUES("2","1","0","2","1","1","LUNES","09:20","10:50");
INSERT INTO prof_materias VALUES("3","0","1","0","0","1","MARTES","07:00","09:20");



DROP TABLE profesores;

CREATE TABLE `profesores` (
  `id_profesor` int(11) NOT NULL AUTO_INCREMENT,
  `cedula_prof` int(11) NOT NULL,
  `nombre_prof` varchar(100) NOT NULL,
  `apellido_prof` varchar(100) NOT NULL,
  `sede` varchar(100) NOT NULL,
  `estatus` varchar(50) NOT NULL,
  PRIMARY KEY (`id_profesor`),
  UNIQUE KEY `cedula_prof` (`cedula_prof`)
) ENGINE=InnoDB AUTO_INCREMENT=5 DEFAULT CHARSET=latin1;

INSERT INTO profesores VALUES("1","20247861","YORMAN ","PINTO","SAN JUAN DE LOS MORROS","activo");
INSERT INTO profesores VALUES("2","14676532","JAIRO","MOLINA","ORTIZ","activo");
INSERT INTO profesores VALUES("3","53637544","GREGORI","SANCHEZ","MELLADO","activo");
INSERT INTO profesores VALUES("4","26026400","ARGENIS","MENDOZA","SAN JUAN DE LOS MORROS","activo");



DROP TABLE responsables;

CREATE TABLE `responsables` (
  `id_responsable` int(11) NOT NULL AUTO_INCREMENT,
  `cedula_res` varchar(8) NOT NULL,
  `nombre_res` varchar(100) NOT NULL,
  `apellido_res` varchar(100) NOT NULL,
  `sede` text NOT NULL,
  `estatus` varchar(10) NOT NULL,
  PRIMARY KEY (`id_responsable`),
  UNIQUE KEY `cedula_res` (`cedula_res`)
) ENGINE=InnoDB AUTO_INCREMENT=2 DEFAULT CHARSET=latin1;

INSERT INTO responsables VALUES("1","25436785","JOSE","LOPEZ","SAN JUAN DE LOS MORROS","activo");



DROP TABLE telefono;

CREATE TABLE `telefono` (
  `id_telefono` int(11) NOT NULL AUTO_INCREMENT,
  `id_profesor` int(11) NOT NULL,
  `id_estudiante` int(11) NOT NULL,
  `id_responsable` int(11) NOT NULL,
  `telefono` varchar(11) NOT NULL,
  PRIMARY KEY (`id_telefono`),
  UNIQUE KEY `id_profesor` (`id_profesor`,`id_estudiante`,`id_responsable`)
) ENGINE=InnoDB AUTO_INCREMENT=36 DEFAULT CHARSET=latin1;

INSERT INTO telefono VALUES("1","0","1","0","04149471038");
INSERT INTO telefono VALUES("2","0","2","0","02464322258");
INSERT INTO telefono VALUES("3","0","3","0","02464322258");
INSERT INTO telefono VALUES("4","0","4","0","04149471038");
INSERT INTO telefono VALUES("5","0","5","0","04243224668");
INSERT INTO telefono VALUES("6","0","6","0","04243224668");
INSERT INTO telefono VALUES("7","0","7","0","04149471038");
INSERT INTO telefono VALUES("8","0","8","0","04123456789");
INSERT INTO telefono VALUES("9","0","9","0","02464322258");
INSERT INTO telefono VALUES("10","0","10","0","04124567864");
INSERT INTO telefono VALUES("11","0","11","0","02464322258");
INSERT INTO telefono VALUES("12","0","12","0","04123456789");
INSERT INTO telefono VALUES("13","0","13","0","04149471038");
INSERT INTO telefono VALUES("14","0","14","0","04243224668");
INSERT INTO telefono VALUES("15","0","15","0","04149876543");
INSERT INTO telefono VALUES("16","0","16","0","04243224660");
INSERT INTO telefono VALUES("17","0","17","0","04126781534");
INSERT INTO telefono VALUES("18","0","18","0","04126754322");
INSERT INTO telefono VALUES("19","0","19","0","04243224669");
INSERT INTO telefono VALUES("20","0","20","0","04123456789");
INSERT INTO telefono VALUES("21","0","21","0","04124567864");
INSERT INTO telefono VALUES("22","0","22","0","04243224668");
INSERT INTO telefono VALUES("23","0","23","0","02464321212");
INSERT INTO telefono VALUES("24","0","24","0","04243224660");
INSERT INTO telefono VALUES("25","0","25","0","04126781534");
INSERT INTO telefono VALUES("26","0","26","0","04149876543");
INSERT INTO telefono VALUES("27","0","27","0","02464321212");
INSERT INTO telefono VALUES("28","0","28","0","04243224669");
INSERT INTO telefono VALUES("29","0","29","0","04245675432");
INSERT INTO telefono VALUES("30","0","30","0","04243224660");
INSERT INTO telefono VALUES("31","1","0","0","04149471038");
INSERT INTO telefono VALUES("32","2","0","0","04123456789");
INSERT INTO telefono VALUES("33","3","0","0","04243224668");
INSERT INTO telefono VALUES("34","4","0","0","04149471038");
INSERT INTO telefono VALUES("35","0","0","1","04245643232");



DROP TABLE usuarios_admin;

CREATE TABLE `usuarios_admin` (
  `id_usuario` int(11) NOT NULL AUTO_INCREMENT,
  `nombre` varchar(100) NOT NULL,
  `usuario` varchar(50) NOT NULL,
  `password` varchar(250) NOT NULL,
  `tipo` varchar(20) NOT NULL,
  `id_profesor` int(11) NOT NULL,
  PRIMARY KEY (`id_usuario`),
  UNIQUE KEY `usuario` (`usuario`)
) ENGINE=InnoDB AUTO_INCREMENT=10 DEFAULT CHARSET=latin1;

INSERT INTO usuarios_admin VALUES("1","YORMAN  PINTO","ADMIN","c7ad44cbad762a5da0a452f9e854fdc1e0e7a52a38015f23f3eab1d80b931dd472634dfac71cd34ebc35d16ab7fb8a90c81f975113d6c7538dc69dd8de9077ec","administrador","0");
INSERT INTO usuarios_admin VALUES("4","JAIRO MOLINA","JAIRO2011@GMAIL.COM","465f8e41a0c98c3123ce44b609799b38e337307c51f5e547fcce804a296a93bc147d31bd8077cf13db51c14d0965cbfedeb2466067a4d97f68e51b61bfe0b906","normal","38");
INSERT INTO usuarios_admin VALUES("5","GREGORI","GREGORISANCHEZ@GMAIL.COM","3c9909afec25354d551dae21590bb26e38d53f2173b8d3dc3eee4c047e7ab1c1eb8b85103e3be7ba613b31bb5c9c36214dc9f14a42fd7a2fdb84856bca5c44c2","desabilitado","39");
INSERT INTO usuarios_admin VALUES("6","YORMAN ","YORMANPINTO2011@GMAIL.COM","4cd3caa98043dc1c45a4bd06671cfcf5a5283687348573f7bf60739c0d676d597eabdd502947ede5a5bf3dc36477403e4ed369bb47c23860e79592c73020364e","normal","1");
INSERT INTO usuarios_admin VALUES("7","JAIRO","JAIROMOLINA@GMAIL.COM","3c9909afec25354d551dae21590bb26e38d53f2173b8d3dc3eee4c047e7ab1c1eb8b85103e3be7ba613b31bb5c9c36214dc9f14a42fd7a2fdb84856bca5c44c2","normal","2");
INSERT INTO usuarios_admin VALUES("9","CALETH","ARGENIS@GMAIL.COM","4f22a5b713259a8b3e6d47c9073d7eef25e6ced4c20cbe49abaaa2e80b01e4e37c1a7c16891810668dd9a6bd88f259bbf8b7a672d37e785c3f2f3aa0b7169b54","normal","4");



